{"Symbol":"GOOGL","AssetType":"Common Stock","Name":"Alphabet Inc Class A","Description":"Alphabet Inc. (GOOGL) is a premier American multinational conglomerate headquartered in Mountain View, California. Established as the parent company of Google and its subsidiaries in October 2015, Alphabet is a major player in various sectors, including online advertising, cloud computing, consumer electronics, and artificial intelligence. The company, led by co-founders Larry Page and Sergey Brin, showcases a solid commitment to innovation and technological advancement. With its diverse operational portfolio and strong market presence, Alphabet continues to present lucrative growth opportunities and value creation for institutional investors.","CIK":"1652044","Exchange":"NASDAQ","Currency":"USD","Country":"USA","Sector":"COMMUNICATION SERVICES","Industry":"INTERNET CONTENT & INFORMATION","Address":"1600 AMPHITHEATRE PARKWAY, MOUNTAIN VIEW, CA, UNITED STATES, 94043","OfficialSite":"https:\/\/abc.xyz","FiscalYearEnd":"December","LatestQuarter":"2025-09-30","MarketCapitalization":"4069309546000","EBITDA":"145174004000","PERatio":"33.1","PEGRatio":"1.758","BookValue":"32.03","DividendPerShare":"1.02","DividendYield":"0.0031","EPS":"10.15","RevenuePerShareTTM":"31.71","ProfitMargin":"0.322","OperatingMarginTTM":"0.305","ReturnOnAssetsTTM":"0.163","ReturnOnEquityTTM":"0.354","RevenueTTM":"385476002000","GrossProfitTTM":"228095001000","DilutedEPSTTM":"10.15","QuarterlyEarningsGrowthYOY":"0.353","QuarterlyRevenueGrowthYOY":"0.159","AnalystTargetPrice":"339.15","AnalystRatingStrongBuy":"13","AnalystRatingBuy":"45","AnalystRatingHold":"9","AnalystRatingSell":"0","AnalystRatingStrongSell":"0","TrailingPE":"33.1","ForwardPE":"29.76","PriceToSalesRatioTTM":"10.56","PriceToBookRatio":"10.35","EVToRevenue":"10.23","EVToEBITDA":"22.97","Beta":"1.086","52WeekHigh":"340.49","52WeekLow":"140.14","50DayMovingAverage":"305.15","200DayMovingAverage":"222.83","SharesOutstanding":"5818000000","SharesFloat":"10798517000","PercentInsiders":"0.568","PercentInstitutions":"81.199","DividendDate":"2025-12-15","ExDividendDate":"2025-12-08"}
