{
    "timestamp": "2026-01-20 15:30:51.670708",
    "funnel": {
        "scanned": 20,
        "undervalued": 4,
        "active_liquidity": 4
    },
    "scanned_details": [],
    "signals": [
        {
            "ticker": "AAPL",
            "signal": "BUY_PUT",
            "confidence": 0.8,
            "suggested_strike": 250.41939880371092,
            "expiry": "Monthly",
            "allocation_pct": 1.0,
            "projected_net_return_15pct": 3831.8512026946987
        }
    ],
    "gnn_scores": {
        "AAPL": 0.5446591377258301,
        "MSFT": 0.5498412251472473,
        "HD": 0.5001426339149475,
        "PFE": 0.5447291731834412
    },
    "optimization": {
        "AAPL": 1.0
    }
}