{"Symbol":"MSFT","AssetType":"Common Stock","Name":"Microsoft Corporation","Description":"Microsoft Corporation is a premier American multinational technology company, recognized for its extensive portfolio that includes operating systems, productivity software, and innovative hardware solutions. Best known for its Windows operating system and Office productivity suite, Microsoft also holds a significant presence in the gaming industry through its Xbox platform and offers a range of Surface devices. As a leader in digital transformation, the company leverages its Azure cloud computing services to enhance productivity and drive innovation across multiple sectors. With a robust market position and a strong commitment to research and development, Microsoft is integral to shaping the future of technology on a global scale.","CIK":"789019","Exchange":"NASDAQ","Currency":"USD","Country":"USA","Sector":"TECHNOLOGY","Industry":"SOFTWARE - INFRASTRUCTURE","Address":"ONE MICROSOFT WAY, REDMOND, WA, UNITED STATES, 98052-6399","OfficialSite":"https:\/\/www.microsoft.com","FiscalYearEnd":"June","LatestQuarter":"2025-09-30","MarketCapitalization":"3498568581000","EBITDA":"166436995000","PERatio":"33.45","PEGRatio":"1.951","BookValue":"48.84","DividendPerShare":"3.4","DividendYield":"0.0071","EPS":"14.07","RevenuePerShareTTM":"39.53","ProfitMargin":"0.357","OperatingMarginTTM":"0.489","ReturnOnAssetsTTM":"0.147","ReturnOnEquityTTM":"0.322","RevenueTTM":"293812011000","GrossProfitTTM":"202037002000","DilutedEPSTTM":"14.07","QuarterlyEarningsGrowthYOY":"0.127","QuarterlyRevenueGrowthYOY":"0.184","AnalystTargetPrice":"622.04","AnalystRatingStrongBuy":"12","AnalystRatingBuy":"43","AnalystRatingHold":"2","AnalystRatingSell":"0","AnalystRatingStrongSell":"0","TrailingPE":"33.45","ForwardPE":"30.03","PriceToSalesRatioTTM":"11.91","PriceToBookRatio":"9.77","EVToRevenue":"11.93","EVToEBITDA":"20.62","Beta":"1.073","52WeekHigh":"553.5","52WeekLow":"342.95","50DayMovingAverage":"489.4","200DayMovingAverage":"480.66","SharesOutstanding":"7432378000","SharesFloat":"7421452000","PercentInsiders":"0.066","PercentInstitutions":"75.795","DividendDate":"2026-03-12","ExDividendDate":"2026-02-19"}
