{"Symbol":"AMZN","AssetType":"Common Stock","Name":"Amazon.com Inc","Description":"Amazon.com, Inc. is a premier American multinational technology company that excels in e-commerce, cloud computing through Amazon Web Services (AWS), and digital streaming services. Recognized as one of the \"Big Five\" technology giants, Amazon's relentless focus on customer experience and innovative solutions has solidified its status as one of the world's most valuable brands. With significant investments in artificial intelligence, logistics, and various emerging technologies, Amazon is strategically positioned to capitalize on evolving market trends and strengthen its competitive advantage in the fast-paced digital economy.","CIK":"1018724","Exchange":"NASDAQ","Currency":"USD","Country":"USA","Sector":"CONSUMER CYCLICAL","Industry":"INTERNET RETAIL","Address":"410 TERRY AVENUE NORTH, SEATTLE, WA, UNITED STATES, 98109-5210","OfficialSite":"https:\/\/www.amazon.com","FiscalYearEnd":"December","LatestQuarter":"2025-09-30","MarketCapitalization":"2593446429000","EBITDA":"139696996000","PERatio":"34.27","PEGRatio":"1.668","BookValue":"34.59","DividendPerShare":"None","DividendYield":"None","EPS":"7.08","RevenuePerShareTTM":"65.12","ProfitMargin":"0.111","OperatingMarginTTM":"0.111","ReturnOnAssetsTTM":"0.075","ReturnOnEquityTTM":"0.243","RevenueTTM":"691330023000","GrossProfitTTM":"345982009000","DilutedEPSTTM":"7.08","QuarterlyEarningsGrowthYOY":"0.364","QuarterlyRevenueGrowthYOY":"0.134","AnalystTargetPrice":"295.2","AnalystRatingStrongBuy":"16","AnalystRatingBuy":"48","AnalystRatingHold":"3","AnalystRatingSell":"0","AnalystRatingStrongSell":"0","TrailingPE":"34.27","ForwardPE":"30.03","PriceToSalesRatioTTM":"3.751","PriceToBookRatio":"7.13","EVToRevenue":"3.871","EVToEBITDA":"17.03","Beta":"1.376","52WeekHigh":"258.6","52WeekLow":"161.38","50DayMovingAverage":"233.64","200DayMovingAverage":"218.32","SharesOutstanding":"10690216000","SharesFloat":"9702012000","PercentInsiders":"9.178","PercentInstitutions":"66.804","DividendDate":"None","ExDividendDate":"None"}
