{"Symbol":"TSLA","AssetType":"Common Stock","Name":"Tesla Inc","Description":"Tesla, Inc. is a pioneering American electric vehicle and clean energy company headquartered in Palo Alto, California, recognized for its transformative innovations in sustainable mobility and energy solutions. As a dominant player in the industry, Tesla held a 16% market share in the global plug-in vehicle market and 23% in the battery-electric vehicle segment in 2020, underscoring its leadership and commitment to electric mobility. The company\u2019s comprehensive product lineup includes not only electric vehicles but also cutting-edge battery technology and solar energy solutions, with Tesla Energy focused on storage and solar products that promote renewable energy use. With robust investments in scaling production and a strong emphasis on technological development, Tesla is strategically positioned to benefit from the rapid global shift towards sustainable energy paradigms.","CIK":"1318605","Exchange":"NASDAQ","Currency":"USD","Country":"USA","Sector":"CONSUMER CYCLICAL","Industry":"AUTO MANUFACTURERS","Address":"1 TESLA ROAD, AUSTIN, TX, UNITED STATES, 78725","OfficialSite":"https:\/\/www.tesla.com","FiscalYearEnd":"December","LatestQuarter":"2025-09-30","MarketCapitalization":"1487306359000","EBITDA":"10768000000","PERatio":"312.73","PEGRatio":"8.93","BookValue":"24.06","DividendPerShare":"None","DividendYield":"None","EPS":"1.43","RevenuePerShareTTM":"29.7","ProfitMargin":"0.0531","OperatingMarginTTM":"0.0663","ReturnOnAssetsTTM":"0.0235","ReturnOnEquityTTM":"0.0679","RevenueTTM":"95632998000","GrossProfitTTM":"16263999000","DilutedEPSTTM":"1.43","QuarterlyEarningsGrowthYOY":"-0.371","QuarterlyRevenueGrowthYOY":"0.116","AnalystTargetPrice":"409.65","AnalystRatingStrongBuy":"4","AnalystRatingBuy":"15","AnalystRatingHold":"17","AnalystRatingSell":"7","AnalystRatingStrongSell":"3","TrailingPE":"312.73","ForwardPE":"200","PriceToSalesRatioTTM":"15.55","PriceToBookRatio":"18.6","EVToRevenue":"15.26","EVToEBITDA":"112.52","Beta":"1.835","52WeekHigh":"498.83","52WeekLow":"214.25","50DayMovingAverage":"444.01","200DayMovingAverage":"365.63","SharesOutstanding":"3325819000","SharesFloat":"2386042000","PercentInsiders":"12.562","PercentInstitutions":"49.899","DividendDate":"None","ExDividendDate":"None"}
