{"Symbol":"AAPL","AssetType":"Common Stock","Name":"Apple Inc","Description":"Apple Inc. is a preeminent American multinational technology company renowned for its innovative consumer electronics, software, and online services. With a staggering revenue of $274.5 billion in 2020, it stands as the world's most valuable publicly traded company, significantly influencing the global technology sector. Its flagship products\u2014iPhone, iPad, and Mac\u2014continue to define consumer expectations and set industry benchmarks, securing its position as a leader in both the smartphone and personal computer markets. As a key player among the \"Big Five\" technology firms, Apple remains at the forefront of technological advancements and consumer engagement strategies.","CIK":"320193","Exchange":"NASDAQ","Currency":"USD","Country":"USA","Sector":"TECHNOLOGY","Industry":"CONSUMER ELECTRONICS","Address":"ONE APPLE PARK WAY, CUPERTINO, CA, UNITED STATES, 95014","OfficialSite":"https:\/\/www.apple.com","FiscalYearEnd":"September","LatestQuarter":"2025-09-30","MarketCapitalization":"3857366647000","EBITDA":"144748003000","PERatio":"34.95","PEGRatio":"2.634","BookValue":"4.991","DividendPerShare":"1.02","DividendYield":"0.0039","EPS":"7.47","RevenuePerShareTTM":"27.84","ProfitMargin":"0.269","OperatingMarginTTM":"0.317","ReturnOnAssetsTTM":"0.23","ReturnOnEquityTTM":"1.714","RevenueTTM":"416161006000","GrossProfitTTM":"195201008000","DilutedEPSTTM":"7.47","QuarterlyEarningsGrowthYOY":"0.912","QuarterlyRevenueGrowthYOY":"0.079","AnalystTargetPrice":"287.83","AnalystRatingStrongBuy":"5","AnalystRatingBuy":"24","AnalystRatingHold":"15","AnalystRatingSell":"1","AnalystRatingStrongSell":"3","TrailingPE":"34.95","ForwardPE":"31.35","PriceToSalesRatioTTM":"9.27","PriceToBookRatio":"51.88","EVToRevenue":"9.3","EVToEBITDA":"26.73","Beta":"1.093","52WeekHigh":"288.62","52WeekLow":"168.63","50DayMovingAverage":"272.43","200DayMovingAverage":"233.32","SharesOutstanding":"14697926000","SharesFloat":"14750494000","PercentInsiders":"1.702","PercentInstitutions":"64.804","DividendDate":"2025-11-13","ExDividendDate":"2025-11-10"}
